test,duration_time
1,18.296000
2,17.760000
3,20.620000
4,20.332000
5,21.076000
6,22.356000
